{"cameraMode":{"drawMode":0,"name":"Shaded","section":"Shading Mode"},"sceneLighting":true,"audioPlay":false,"sceneViewState":{"showFog":true,"showMaterialUpdate":false,"showSkybox":true,"showFlares":true,"showImageEffects":true,"showParticleSystems":true,"showVisualEffectGraphs":true},"in2DMode":false,"pivot":{"x":-18.931123733520509,"y":3.186685562133789,"z":-3.093661308288574},"rotation":{"x":0.016214851289987565,"y":0.7030904293060303,"z":-0.016040097922086717,"w":0.7107294797897339},"size":2.8578836917877199,"orthographic":false}